Insert into Авіаперевізники
Values ('Emirates','Україна','Київ','Стамбул, Анталія, Дубай'),
('Lufthansa','Україна','Київ','Барселона, Венеція, Рим, Берген'),
('Qatar Airways','Україна','Київ','Сеул, Мехіко, Маямі, Лос-Анджелес, Нью-Йорк'),
('Ryanair','Польща','Варшава','Осло, Кельн, Малага, Манчестер'),
('Wizz Air','Україна','Київ','Лондон'),
('МАУ','Україна','Київ','Прага, Рим, Стамбул')
Insert into Клієнти
Values ('1234956','Харамбура','Антон','Петрович'),	
('1235446','Шипка','Степан','Іванович'),	
('1239646','Лободинець','Роман','Андрійович'),	
('1265486','Лободинець','Світлана','Олегівна'),	
('1326484','Шиян','Максим','Семенович'),
('1545469','Дутко','Марія','Олегівна'),
('3549696','Козак','Павло','Ігорович'),
('3649463','Шиян','Наталія','Орестівна'),
('3659465','Миколайчук','Олександр','Петрович'),
('3697554','Антонишин','Марія','Степанівна'),	
('4546466','Гембаровський','Олег','Богданович'),	
('5646469','Семенів','Ярина','Максимівна'),	
('6354694','Гембаровська','Оксана','Володимирівна'),
('8464694','Мельник','Павло','Петрович')
Insert into Напрямки
Values ('1','Туреччина','Анталія'),
('2','Іспанія','Барселона'),
('3','Норвегія','Берген'),
('4','Італія','Венеція'),
('5','ОАЕ','Дубай'),
('6','Німеччина','Кельн'),
('7','Велика Британія','Лондон'),
('8','США','Лос-Анджелес'),
('9','Іспанія','Малага'),
('10','Велика Британія','Манчестер'),
('11','США','Маямі'),
('12','Мексика','Мехіко'),
('13','США','Нью-Йорк'),
('14','Норвегія','Осло'),
('15','Чехія','Прага'),
('16','Італія','Рим'),
('17','Південна Корея','Сеул'),
('18','Туреччина','Стамбул')
Insert into Тури
Values ('367485','1','14','10000'),
('758737','14','3','11000'),
('465847','10','5','13000'),
('377465','3','3','90000'),
('766432','5','14','18000'),
('877684','11','10','21000'),
('456978','4','4','8000'),
('485385','8','10','19000'),
('458968','7','5','12000'),
('289485','12','7','16000')

 Insert into Замовлення
 Values ('4546466','465847','13000','1','Ryanair','2018.10.18'),
 ('3549696','485385','19000','3','Qatar Airways','2018.11.18'),
 ('6354694','877684','21000','2','Qatar Airways','2018.11.19'),
 ('3649463','367485','10000','6','Emirates','2018.12.09')
